0.805038335159,,
000012.png,-1
000016.png,1
000022.png,-1
000025.png,-1
000030.png,-1
000031.png,-1
000032.png,1
000035.png,-1
000037.png,-1
000041.png,-1
000044.png,-1
000060.png,-1
000061.png,-1
000065.png,-1
000066.png,1
000069.png,-1
000072.png,-1
000077.png,1
000083.png,-1
000086.png,-1
000089.png,-1
000093.png,-1
000103.png,-1
000104.png,-1
000105.png,1
000107.png,1
000118.png,1
000119.png,-1
000121.png,1
000123.png,-1
000126.png,-1
000127.png,-1
000130.png,1
000135.png,1
000136.png,-1
000140.png,1
000141.png,-1
000152.png,1
000153.png,-1
000158.png,1
000159.png,-1
000160.png,-1
000176.png,-1
000177.png,-1
000178.png,-1
000188.png,-1
000191.png,-1
000194.png,-1
000197.png,-1
000202.png,-1
000210.png,-1
000211.png,-1
000215.png,1
000218.png,-1
000223.png,-1
000228.png,-1
000235.png,1
000236.png,-1
000256.png,-1
000258.png,-1
000272.png,-1
000276.png,-1
000286.png,-1
000288.png,-1
000293.png,-1
000296.png,-1
000298.png,-1
000302.png,1
000304.png,-1
000308.png,-1
000322.png,-1
000323.png,-1
000330.png,-1
000350.png,-1
000351.png,1
000354.png,-1
000361.png,-1
000379.png,1
000390.png,-1
000395.png,1
000398.png,-1
000399.png,1
000409.png,-1
000412.png,-1
000416.png,-1
000433.png,-1
000441.png,-1
000443.png,1
000454.png,1
000467.png,-1
000469.png,-1
000472.png,-1
000476.png,-1
000479.png,-1
000484.png,-1
000486.png,-1
000493.png,-1
000498.png,-1
000506.png,-1
000520.png,1
000526.png,1
000532.png,-1
000535.png,-1
000555.png,-1
000557.png,-1
000562.png,-1
000565.png,1
000594.png,-1
000595.png,1
000599.png,-1
000602.png,-1
000607.png,1
000608.png,-1
000611.png,-1
000612.png,-1
000619.png,-1
000620.png,-1
000626.png,1
000633.png,-1
000656.png,-1
000684.png,-1
000693.png,-1
000694.png,-1
000699.png,1
000704.png,-1
000707.png,-1
000712.png,1
000713.png,1
000715.png,-1
000720.png,-1
000721.png,1
000722.png,-1
000723.png,-1
000725.png,1
000726.png,-1
000729.png,-1
000732.png,-1
000742.png,1
000743.png,1
000746.png,1
000747.png,-1
000764.png,1
000773.png,-1
000774.png,1
000775.png,-1
000781.png,1
000786.png,-1
000787.png,-1
000789.png,-1
000797.png,-1
000800.png,-1
000802.png,1
000808.png,-1
000812.png,-1
000820.png,-1
000828.png,-1
000835.png,-1
000838.png,-1
000847.png,1
000857.png,-1
000867.png,-1
000878.png,-1
000882.png,-1
000883.png,1
000885.png,-1
000889.png,-1
000898.png,1
000913.png,-1
000914.png,1
000919.png,-1
000929.png,-1
000932.png,-1
000934.png,-1
000935.png,1
000936.png,-1
000943.png,-1
000945.png,-1
000947.png,-1
000949.png,-1
000950.png,-1
000951.png,-1
000953.png,-1
000955.png,-1
000971.png,1
000980.png,-1
000991.png,-1
001003.png,-1
001009.png,1
001010.png,-1
001021.png,-1
001028.png,1
001033.png,-1
001037.png,1
001044.png,-1
001048.png,-1
001049.png,1
001054.png,-1
001055.png,1
001061.png,-1
001063.png,-1
001075.png,-1
001076.png,-1
001077.png,-1
001081.png,-1
001082.png,1
001087.png,-1
001093.png,1
001095.png,1
001104.png,-1
001110.png,-1
001113.png,-1
001117.png,1
001125.png,-1
001128.png,-1
001151.png,1
001159.png,-1
001169.png,1
001170.png,-1
001173.png,-1
001174.png,-1
001189.png,-1
001191.png,-1
001198.png,-1
001202.png,-1
001208.png,-1
001217.png,-1
001221.png,-1
001225.png,-1
001226.png,-1
001231.png,-1
001236.png,-1
001246.png,-1
001265.png,-1
001273.png,1
001279.png,-1
001287.png,-1
001290.png,1
001297.png,-1
001313.png,-1
001324.png,1
001329.png,1
001330.png,-1
001343.png,-1
001355.png,1
001360.png,-1
001363.png,-1
001368.png,-1
001372.png,-1
001389.png,-1
001395.png,-1
001408.png,-1
001413.png,-1
001414.png,-1
001415.png,-1
001431.png,-1
001432.png,1
001445.png,1
001449.png,-1
001454.png,1
001456.png,-1
001462.png,-1
001464.png,-1
001467.png,-1
001470.png,1
001475.png,-1
001479.png,-1
001487.png,-1
001494.png,-1
001503.png,-1
001507.png,-1
001510.png,-1
001516.png,1
001517.png,1
001523.png,-1
001528.png,1
001531.png,-1
001537.png,-1
001547.png,-1
001548.png,1
001556.png,-1
001567.png,-1
001569.png,-1
001577.png,1
001578.png,-1
001587.png,-1
001589.png,1
001592.png,1
001593.png,-1
001606.png,-1
001611.png,-1
001621.png,-1
001632.png,-1
001652.png,-1
001656.png,-1
001658.png,-1
001660.png,-1
001661.png,1
001667.png,-1
001680.png,-1
001692.png,-1
001699.png,-1
001710.png,-1
001718.png,-1
001719.png,-1
001721.png,-1
001724.png,-1
001725.png,-1
001727.png,-1
001735.png,-1
001736.png,-1
001740.png,-1
001741.png,-1
001742.png,-1
001743.png,-1
001752.png,-1
001754.png,-1
001759.png,-1
001760.png,1
001762.png,-1
001764.png,-1
001774.png,-1
001787.png,1
001789.png,-1
001793.png,-1
001797.png,-1
001800.png,-1
001805.png,-1
001814.png,-1
001821.png,1
001822.png,-1
001823.png,-1
001826.png,-1
001828.png,-1
001846.png,-1
001855.png,-1
001876.png,-1
001877.png,-1
001879.png,-1
001883.png,1
001884.png,-1
001886.png,-1
001890.png,1
001891.png,1
001895.png,-1
001896.png,1
001897.png,1
001910.png,-1
001917.png,-1
001918.png,-1
001920.png,-1
001922.png,1
001940.png,1
001942.png,-1
001958.png,1
001959.png,-1
001967.png,-1
001971.png,1
001972.png,-1
001976.png,-1
001985.png,-1
001988.png,-1
001996.png,1
002005.png,-1
002017.png,1
002021.png,-1
002024.png,-1
002028.png,-1
002033.png,-1
002042.png,1
002045.png,-1
002048.png,-1
002050.png,1
002070.png,-1
002074.png,-1
002082.png,1
002087.png,-1
002094.png,-1
002098.png,-1
002109.png,-1
002113.png,-1
002116.png,-1
002119.png,1
002124.png,-1
002140.png,1
002145.png,-1
002156.png,-1
002164.png,1
002170.png,-1
002175.png,1
002186.png,1
002188.png,1
002207.png,-1
002208.png,1
002210.png,-1
002214.png,1
002216.png,1
002219.png,-1
002222.png,-1
002227.png,-1
002245.png,1
002254.png,-1
002255.png,-1
002260.png,-1
002261.png,-1
002269.png,-1
002270.png,-1
002293.png,-1
002295.png,-1
002304.png,-1
002311.png,-1
002313.png,-1
002318.png,1
002334.png,-1
002344.png,1
002345.png,-1
002349.png,-1
002351.png,-1
002352.png,-1
002355.png,-1
002356.png,-1
002359.png,-1
002361.png,-1
002370.png,-1
002382.png,-1
002385.png,-1
002392.png,1
002395.png,-1
002400.png,1
002404.png,-1
002412.png,1
002413.png,1
002415.png,-1
002417.png,1
002422.png,1
002423.png,-1
002426.png,-1
002431.png,-1
002434.png,-1
002436.png,-1
002443.png,-1
002444.png,-1
002447.png,-1
002448.png,-1
002454.png,-1
002463.png,-1
002472.png,-1
002480.png,-1
002491.png,-1
002497.png,-1
002498.png,-1
002501.png,1
002502.png,-1
002507.png,-1
002510.png,-1
002514.png,1
002516.png,-1
002519.png,-1
002531.png,1
002534.png,-1
002542.png,-1
002547.png,-1
002549.png,-1
002560.png,-1
002561.png,-1
002572.png,-1
002573.png,-1
002580.png,-1
002586.png,-1
002598.png,-1
002604.png,-1
002608.png,-1
002609.png,-1
002617.png,1
002620.png,-1
002621.png,-1
002627.png,-1
002628.png,-1
002631.png,1
002633.png,-1
002638.png,-1
002644.png,-1
002646.png,1
002648.png,1
002652.png,-1
002658.png,1
002660.png,-1
002663.png,-1
002670.png,-1
002688.png,1
002697.png,-1
002704.png,-1
002705.png,-1
002707.png,-1
002715.png,-1
002733.png,-1
002735.png,-1
002737.png,1
002744.png,1
002745.png,-1
002753.png,-1
002761.png,1
002764.png,-1
002773.png,1
002774.png,-1
002781.png,-1
002784.png,-1
002791.png,-1
002801.png,-1
002803.png,-1
002804.png,1
002811.png,-1
002818.png,1
002833.png,-1
002838.png,-1
002839.png,1
002855.png,-1
002864.png,1
002871.png,1
002876.png,1
002877.png,-1
002879.png,-1
002880.png,1
002885.png,1
002891.png,-1
002897.png,-1
002904.png,1
002907.png,-1
002914.png,-1
002929.png,1
002942.png,-1
002958.png,-1
002959.png,1
002961.png,-1
002970.png,-1
002973.png,-1
002978.png,1
002981.png,-1
002986.png,-1
003000.png,-1
003003.png,-1
003004.png,-1
003007.png,-1
003020.png,-1
003023.png,-1
003029.png,-1
003031.png,-1
003039.png,-1
003040.png,-1
003042.png,-1
003053.png,-1
003056.png,-1
003058.png,1
003061.png,-1
003062.png,1
003064.png,1
003071.png,1
003080.png,1
003092.png,-1
003093.png,1
003094.png,1
003108.png,1
003114.png,-1
003116.png,-1
003117.png,-1
003122.png,-1
003125.png,-1
003128.png,-1
003133.png,-1
003142.png,-1
003174.png,-1
003212.png,-1
003222.png,1
003225.png,-1
003227.png,1
003229.png,-1
003236.png,-1
003241.png,-1
003248.png,1
003253.png,1
003256.png,-1
003306.png,-1
003311.png,-1
003312.png,-1
003313.png,-1
003314.png,1
003329.png,1
003330.png,-1
003333.png,-1
003334.png,1
003344.png,-1
003347.png,-1
003348.png,-1
003349.png,1
003374.png,1
003377.png,-1
003390.png,-1
003391.png,1
003393.png,-1
003394.png,-1
003403.png,-1
003404.png,-1
003409.png,1
003410.png,-1
003415.png,-1
003420.png,-1
003422.png,-1
003424.png,-1
003429.png,1
003431.png,-1
003447.png,-1
003453.png,-1
003462.png,-1
003464.png,-1
003468.png,1
003480.png,-1
003483.png,-1
003486.png,-1
003500.png,1
003501.png,-1
003523.png,1
003524.png,-1
003530.png,-1
003536.png,-1
003543.png,-1
003545.png,-1
003546.png,-1
003555.png,-1
003556.png,-1
003559.png,-1
003569.png,-1
003571.png,-1
003573.png,1
003578.png,-1
003579.png,1
003586.png,-1
003589.png,-1
003591.png,1
003598.png,-1
003599.png,-1
003607.png,-1
003611.png,-1
003612.png,-1
003616.png,1
003622.png,-1
003632.png,-1
003634.png,-1
003635.png,-1
003639.png,-1
003647.png,-1
003653.png,-1
003661.png,-1
003668.png,-1
003673.png,-1
003678.png,-1
003685.png,-1
003687.png,-1
003689.png,-1
003691.png,-1
003692.png,-1
003701.png,1
003707.png,-1
003715.png,-1
003716.png,1
003719.png,-1
003725.png,-1
003730.png,-1
003737.png,-1
003748.png,-1
003754.png,-1
003763.png,1
003766.png,-1
003768.png,-1
003770.png,-1
003771.png,-1
003773.png,-1
003774.png,-1
003778.png,-1
003788.png,1
003793.png,-1
003794.png,-1
003796.png,-1
003806.png,-1
003810.png,-1
003812.png,-1
003815.png,-1
003816.png,-1
003818.png,-1
003820.png,-1
003824.png,-1
003828.png,-1
003839.png,-1
003840.png,-1
003841.png,-1
003845.png,-1
003856.png,-1
003862.png,1
003866.png,-1
003867.png,-1
003870.png,-1
003879.png,-1
003898.png,-1
003904.png,-1
003908.png,-1
003911.png,1
003913.png,-1
003920.png,1
003921.png,-1
003922.png,1
003928.png,-1
003936.png,1
003938.png,1
003939.png,-1
003947.png,-1
003948.png,1
003956.png,-1
003957.png,-1
003971.png,-1
003983.png,-1
003987.png,-1
003989.png,-1
003990.png,-1
004006.png,1
004019.png,1
004020.png,-1
004022.png,1
004030.png,-1
004034.png,-1
004040.png,-1
004041.png,1
004042.png,-1
004043.png,1
004052.png,-1
004053.png,-1
004055.png,1
004057.png,1
004078.png,-1
004082.png,-1
004085.png,-1
004089.png,-1
004102.png,1
004105.png,-1
004108.png,-1
004110.png,-1
004118.png,1
004120.png,-1
004134.png,1
004141.png,-1
004142.png,-1
004146.png,-1
004149.png,-1
004151.png,1
004159.png,-1
004162.png,1
004172.png,-1
004196.png,-1
004201.png,-1
004203.png,1
004204.png,-1
004205.png,1
004206.png,-1
004222.png,-1
004227.png,-1
004228.png,-1
004234.png,-1
004236.png,-1
004241.png,-1
004242.png,-1
004249.png,1
004251.png,-1
004271.png,-1
004279.png,-1
004287.png,1
004290.png,-1
004297.png,-1
004304.png,-1
004315.png,-1
004326.png,-1
004334.png,-1
004336.png,-1
004341.png,-1
004344.png,-1
004345.png,-1
004351.png,-1
004354.png,-1
004357.png,1
004358.png,-1
004359.png,-1
004365.png,1
004370.png,-1
004371.png,-1
004375.png,-1
004384.png,-1
004385.png,-1
004387.png,-1
004398.png,-1
004400.png,-1
004403.png,-1
004404.png,-1
004411.png,1
004416.png,1
004423.png,1
004426.png,-1
004450.png,-1
004451.png,-1
004458.png,1
004459.png,1
004460.png,-1
004461.png,-1
004469.png,-1
004470.png,-1
004471.png,-1
004475.png,-1
004476.png,-1
004481.png,1
004491.png,-1
004496.png,-1
004497.png,-1
004500.png,1
004502.png,-1
004504.png,-1
004510.png,1
004520.png,-1
004522.png,-1
004523.png,-1
004526.png,-1
004527.png,-1
004528.png,-1
004534.png,-1
004536.png,-1
004547.png,1
004550.png,-1
004555.png,-1
004563.png,-1
004564.png,-1
004566.png,-1
004567.png,-1
004571.png,-1
004580.png,-1
004585.png,-1
004588.png,1
004590.png,-1
004607.png,-1
004615.png,-1
004641.png,-1
004649.png,1
004653.png,-1
004677.png,-1
004688.png,-1
004689.png,-1
004690.png,-1
004692.png,1
004693.png,-1
004695.png,-1
004698.png,-1
004699.png,-1
004704.png,-1
004711.png,1
004717.png,-1
004720.png,-1
004722.png,1
004732.png,1
004735.png,1
004741.png,1
004749.png,-1
004751.png,1
004755.png,-1
004758.png,1
004763.png,1
004767.png,-1
004771.png,-1
004777.png,-1
004779.png,-1
004783.png,-1
004795.png,-1
004806.png,-1
004813.png,1
004815.png,-1
004829.png,-1
004830.png,-1
004835.png,1
004837.png,-1
004840.png,-1
004844.png,-1
004866.png,-1
004872.png,-1
004874.png,-1
004883.png,-1
004886.png,-1
004887.png,1
004888.png,1
004889.png,-1
004905.png,-1
004907.png,-1
004914.png,-1
004915.png,-1
004919.png,-1
004925.png,-1
004927.png,-1
004928.png,-1
004930.png,-1
004932.png,-1
004942.png,-1
004950.png,1
004952.png,1
004954.png,1
004957.png,1
004970.png,-1
004971.png,1
004974.png,-1
004980.png,-1
004987.png,-1
004990.png,-1
004996.png,1
